{"chunk_definitions":[{"row":34,"row_count":1,"visible":true,"expansion_state":0,"options":{"engine":"r","label":"unnamed-chunk-2"},"document_id":"E8BA1BE9","chunk_id":"c5esb3al5d72f","chunk_label":"unnamed-chunk-1"},{"row":44,"row_count":1,"visible":true,"expansion_state":0,"options":{"engine":"r","label":"unnamed-chunk-5"},"document_id":"98F94167","chunk_id":"cy1y9q8zgentk","chunk_label":"unnamed-chunk-2"},{"row":66,"row_count":1,"visible":true,"expansion_state":0,"options":{"engine":"r","label":"unnamed-chunk-10"},"document_id":"98F94167","chunk_id":"cy9kmb228kn73","chunk_label":"unnamed-chunk-3"},{"row":82,"row_count":1,"visible":true,"expansion_state":0,"options":{"engine":"r","label":"unnamed-chunk-17"},"document_id":"98F94167","chunk_id":"cmidfohv5g191","chunk_label":"unnamed-chunk-4"},{"row":102,"row_count":1,"visible":true,"expansion_state":0,"options":{"engine":"r","label":"unnamed-chunk-24"},"document_id":"98F94167","chunk_id":"cn3ftxvamiuoc","chunk_label":"unnamed-chunk-5"},{"row":127,"row_count":1,"visible":true,"expansion_state":0,"options":{"engine":"r","label":"unnamed-chunk-30"},"document_id":"98F94167","chunk_id":"c9pz8mff16nsa","chunk_label":"unnamed-chunk-6"}],"doc_write_time":1610221354}